ip,cve_id,cvss,epss,percentile,ransomware,cisa_kev
103.166.156.31,CVE-2023-38408,9.8,0.04189,0.9125,0,0
103.166.156.31,CVE-2021-41617,7,0.00055,0.21154,0,0
103.166.156.31,CVE-2021-36368,3.7,0.00199,0.57661,0,0
103.166.156.31,CVE-2020-15778,7.8,0.00289,0.65524,0,0
103.166.156.31,CVE-2020-14145,5.9,0.00209,0.58646,0,0
103.166.156.31,CVE-2019-6111,5.9,0.00201,0.57883,0,0
103.166.156.31,CVE-2019-6110,6.8,0.00337,0.68094,0,0
103.166.156.31,CVE-2019-6109,6.8,0.00174,0.54473,0,0
103.166.156.31,CVE-2018-20685,5.3,0.00712,0.78235,0,0
103.166.156.31,CVE-2018-15919,5.3,0.00273,0.64478,0,0
103.166.156.31,CVE-2018-15473,5.3,0.03247,0.90183,0,0
103.166.156.31,CVE-2017-15906,5.3,0.00831,0.80011,0,0
103.166.156.31,CVE-2016-20012,5.3,0.00369,0.69482,0,0
118.97.209.229,CVE-2023-38408,9.8,0.04189,0.9125,0,0
118.97.209.229,CVE-2021-41617,7,0.00055,0.21154,0,0
118.97.209.229,CVE-2021-36368,3.7,0.00199,0.57661,0,0
118.97.209.229,CVE-2020-15778,7.8,0.00289,0.65524,0,0
118.97.209.229,CVE-2020-14145,5.9,0.00209,0.58646,0,0
118.97.209.229,CVE-2019-6111,5.9,0.00201,0.57883,0,0
118.97.209.229,CVE-2019-6110,6.8,0.00337,0.68094,0,0
118.97.209.229,CVE-2019-6109,6.8,0.00174,0.54473,0,0
118.97.209.229,CVE-2018-20685,5.3,0.00712,0.78235,0,0
118.97.209.229,CVE-2018-15919,5.3,0.00273,0.64478,0,0
118.97.209.229,CVE-2018-15473,5.3,0.03247,0.90183,0,0
118.97.209.229,CVE-2017-15906,5.3,0.00831,0.80011,0,0
118.97.209.229,CVE-2016-20012,5.3,0.00369,0.69482,0,0
103.150.191.63,CVE-2023-27522,7.5,0.0055,0.74841,0,0
103.150.191.63,CVE-2023-25690,9.8,0.03257,0.90192,0,0
103.150.191.63,CVE-2022-37436,5.3,0.00044,0.11059,0,0
103.150.191.63,CVE-2022-36760,9,0.01302,0.84345,0,0
103.150.191.63,CVE-2022-31813,9.8,0.01096,0.82738,0,0
103.150.191.63,CVE-2022-30556,7.5,0.00311,0.66739,0,0
103.150.191.63,CVE-2022-29404,7.5,0.08634,0.93838,0,0
103.150.191.63,CVE-2022-28615,9.1,0.02108,0.87915,0,0
103.150.191.63,CVE-2022-28614,5.3,0.00239,0.61752,0,0
103.150.191.63,CVE-2022-28330,5.3,0.00223,0.6043,0,0
103.150.191.63,CVE-2022-26377,7.5,0.01225,0.83775,0,0
103.150.191.63,CVE-2022-23943,9.8,0.18592,0.95697,0,0
103.150.191.63,CVE-2022-22721,9.1,0.00356,0.68904,0,0
103.150.191.63,CVE-2022-22720,9.8,0.01143,0.83101,0,0
103.150.191.63,CVE-2022-22719,7.5,0.42278,0.96957,0,0
103.150.191.63,CVE-2021-44790,9.8,0.06047,0.92704,0,0
103.150.191.63,CVE-2021-44224,8.2,0.32277,0.96559,0,0
103.150.191.63,CVE-2021-40438,9,0.972,0.99778,0,1
103.150.191.63,CVE-2021-39275,9.8,0.00691,0.7783,0,0
103.150.191.63,CVE-2021-36160,7.5,0.00171,0.5407,0,0
103.150.191.63,CVE-2021-34798,7.5,0.00495,0.73493,0,0
103.150.191.63,CVE-2021-33193,7.5,0.00099,0.40704,0,0
103.150.191.63,CVE-2021-26691,9.8,0.76542,0.97877,0,0
103.150.191.63,CVE-2021-26690,7.5,0.11639,0.94711,0,0
103.150.191.63,CVE-2020-9490,7.5,0.00721,0.78389,0,0
103.150.191.63,CVE-2020-35452,7.3,0.00196,0.57281,0,0
103.150.191.63,CVE-2020-1934,5.3,0.00157,0.51956,0,0
103.150.191.63,CVE-2020-1927,6.1,0.00225,0.60598,0,0
103.150.191.63,CVE-2020-13950,7.5,0.00499,0.73565,0,0
103.150.191.63,CVE-2020-13938,5.5,0.00042,0.05719,0,0
103.150.191.63,CVE-2020-11993,7.5,0.00482,0.73156,0,0
103.150.191.63,CVE-2020-11984,9.8,0.01526,0.85573,0,0
103.150.191.63,CVE-2019-17567,5.3,0.00183,0.55419,0,0
103.150.191.63,CVE-2006-20001,7.5,0.00044,0.10749,0,0
49.0.91.7,CVE-2022-41318,8.6,0.00084,0.3536,0,0
49.0.91.7,CVE-2021-46784,6.5,0.01545,0.85667,0,0
49.0.91.7,CVE-2021-33620,6.5,0.17914,0.95631,0,0
49.0.91.7,CVE-2021-31808,6.5,0.00838,0.80092,0,0
49.0.91.7,CVE-2021-31807,6.5,0.03216,0.90141,0,0
49.0.91.7,CVE-2021-31806,6.5,0.9373,0.98889,0,0
49.0.91.7,CVE-2021-28652,4.9,0.00376,0.69719,0,0
49.0.91.7,CVE-2021-28651,7.5,0.0064,0.76836,0,0
49.0.91.7,CVE-2021-28116,5.3,0.02585,0.8912,0,0
49.0.91.7,CVE-2020-8517,7.5,0.00388,0.70199,0,0
49.0.91.7,CVE-2020-8450,7.3,0.9296,0.98789,0,0
49.0.91.7,CVE-2020-8449,7.5,0.00144,0.50032,0,0
49.0.91.7,CVE-2020-25097,8.6,0.00257,0.63297,0,0
49.0.91.7,CVE-2020-24606,7.5,0.01189,0.83498,0,0
49.0.91.7,CVE-2020-15811,6.5,0.0015,0.51073,0,0
49.0.91.7,CVE-2020-15810,6.5,0.00191,0.56589,0,0
49.0.91.7,CVE-2020-15049,8.8,0.00803,0.79673,0,0
49.0.91.7,CVE-2020-14058,7.5,0.0048,0.73091,0,0
49.0.91.7,CVE-2020-11945,9.8,0.12659,0.94893,0,0
49.0.91.7,CVE-2019-18860,6.1,0.00241,0.61869,0,0
49.0.91.7,CVE-2019-18679,7.5,0.18879,0.95721,0,0
49.0.91.7,CVE-2019-18678,5.3,0.01064,0.82472,0,0
49.0.91.7,CVE-2019-18677,6.1,0.00405,0.70791,0,0
49.0.91.7,CVE-2019-18676,7.5,0.02481,0.88911,0,0
49.0.91.7,CVE-2019-13345,6.1,0.94898,0.99081,0,0
49.0.91.7,CVE-2019-12529,5.9,0.00735,0.78608,0,0
49.0.91.7,CVE-2019-12528,7.5,0.00852,0.80264,0,0
49.0.91.7,CVE-2019-12526,9.8,0.03704,0.90739,0,0
49.0.91.7,CVE-2019-12525,9.8,0.16211,0.95445,0,0
49.0.91.7,CVE-2019-12524,9.8,0.00958,0.81478,0,0
49.0.91.7,CVE-2019-12523,9.1,0.01071,0.8253,0,0
49.0.91.7,CVE-2019-12522,4.5,0.00044,0.10742,0,0
49.0.91.7,CVE-2019-12521,5.9,0.01564,0.85772,0,0
49.0.91.7,CVE-2019-12520,7.5,0.0098,0.81686,0,0
49.0.91.7,CVE-2019-12519,9.8,0.00819,0.79853,0,0
49.0.91.7,CVE-2018-19132,5.9,0.0297,0.89796,0,0
49.0.91.7,CVE-2018-19131,6.1,0.00148,0.50592,0,0
49.0.91.7,CVE-2018-1172,5.9,0.00667,0.77393,0,0
49.0.91.7,CVE-2018-1000027,7.5,0.01565,0.85774,0,0
49.0.91.7,CVE-2018-1000024,7.5,0.00575,0.75426,0,0
139.144.124.158,CVE-2022-41318,8.6,0.00084,0.3536,0,0
139.144.124.158,CVE-2021-46784,6.5,0.01545,0.85667,0,0
139.144.124.158,CVE-2021-33620,6.5,0.17914,0.95631,0,0
139.144.124.158,CVE-2021-31808,6.5,0.00838,0.80092,0,0
139.144.124.158,CVE-2021-31807,6.5,0.03216,0.90141,0,0
139.144.124.158,CVE-2021-31806,6.5,0.9373,0.98889,0,0
139.144.124.158,CVE-2021-28662,6.5,0.14474,0.9518,0,0
139.144.124.158,CVE-2021-28652,4.9,0.00376,0.69719,0,0
139.144.124.158,CVE-2021-28651,7.5,0.0064,0.76836,0,0
139.144.124.158,CVE-2021-28116,5.3,0.02585,0.8912,0,0
139.144.124.158,CVE-2020-8517,7.5,0.00388,0.70199,0,0
139.144.124.158,CVE-2020-8450,7.3,0.9296,0.98789,0,0
139.144.124.158,CVE-2020-8449,7.5,0.00144,0.50032,0,0
139.144.124.158,CVE-2020-25097,8.6,0.00257,0.63297,0,0
139.144.124.158,CVE-2020-24606,7.5,0.01189,0.83498,0,0
139.144.124.158,CVE-2020-15811,6.5,0.0015,0.51073,0,0
139.144.124.158,CVE-2020-15810,6.5,0.00191,0.56589,0,0
139.144.124.158,CVE-2020-15049,8.8,0.00803,0.79673,0,0
139.144.124.158,CVE-2020-14058,7.5,0.0048,0.73091,0,0
139.144.124.158,CVE-2020-11945,9.8,0.12659,0.94893,0,0
139.144.124.158,CVE-2019-18860,6.1,0.00241,0.61869,0,0
139.144.124.158,CVE-2019-18679,7.5,0.18879,0.95721,0,0
139.144.124.158,CVE-2019-18678,5.3,0.01064,0.82472,0,0
139.144.124.158,CVE-2019-18677,6.1,0.00405,0.70791,0,0
139.144.124.158,CVE-2019-18676,7.5,0.02481,0.88911,0,0
139.144.124.158,CVE-2019-13345,6.1,0.94898,0.99081,0,0
139.144.124.158,CVE-2019-12854,7.5,0.00409,0.70928,0,0
139.144.124.158,CVE-2019-12529,5.9,0.00735,0.78608,0,0
139.144.124.158,CVE-2019-12528,7.5,0.00852,0.80264,0,0
139.144.124.158,CVE-2019-12527,8.8,0.03934,0.91009,0,0
139.144.124.158,CVE-2019-12526,9.8,0.03704,0.90739,0,0
139.144.124.158,CVE-2019-12525,9.8,0.16211,0.95445,0,0
139.144.124.158,CVE-2019-12524,9.8,0.00958,0.81478,0,0
139.144.124.158,CVE-2019-12523,9.1,0.01071,0.8253,0,0
139.144.124.158,CVE-2019-12522,4.5,0.00044,0.10742,0,0
139.144.124.158,CVE-2019-12521,5.9,0.01564,0.85772,0,0
139.144.124.158,CVE-2019-12520,7.5,0.0098,0.81686,0,0
139.144.124.158,CVE-2019-12519,9.8,0.00819,0.79853,0,0
85.159.210.11,CVE-2022-41318,8.6,0.00084,0.3536,0,0
85.159.210.11,CVE-2021-46784,6.5,0.01545,0.85667,0,0
85.159.210.11,CVE-2021-33620,6.5,0.17914,0.95631,0,0
85.159.210.11,CVE-2021-31808,6.5,0.00838,0.80092,0,0
85.159.210.11,CVE-2021-31807,6.5,0.03216,0.90141,0,0
85.159.210.11,CVE-2021-31806,6.5,0.9373,0.98889,0,0
85.159.210.11,CVE-2021-28662,6.5,0.14474,0.9518,0,0
85.159.210.11,CVE-2021-28652,4.9,0.00376,0.69719,0,0
85.159.210.11,CVE-2021-28651,7.5,0.0064,0.76836,0,0
85.159.210.11,CVE-2021-28116,5.3,0.02585,0.8912,0,0
85.159.210.11,CVE-2020-8517,7.5,0.00388,0.70199,0,0
85.159.210.11,CVE-2020-8450,7.3,0.9296,0.98789,0,0
85.159.210.11,CVE-2020-8449,7.5,0.00144,0.50032,0,0
85.159.210.11,CVE-2020-25097,8.6,0.00257,0.63297,0,0
85.159.210.11,CVE-2020-24606,7.5,0.01189,0.83498,0,0
85.159.210.11,CVE-2020-15811,6.5,0.0015,0.51073,0,0
85.159.210.11,CVE-2020-15810,6.5,0.00191,0.56589,0,0
85.159.210.11,CVE-2020-15049,8.8,0.00803,0.79673,0,0
85.159.210.11,CVE-2020-14058,7.5,0.0048,0.73091,0,0
85.159.210.11,CVE-2020-11945,9.8,0.12659,0.94893,0,0
85.159.210.11,CVE-2019-18860,6.1,0.00241,0.61869,0,0
85.159.210.11,CVE-2019-18679,7.5,0.18879,0.95721,0,0
85.159.210.11,CVE-2019-18678,5.3,0.01064,0.82472,0,0
85.159.210.11,CVE-2019-18677,6.1,0.00405,0.70791,0,0
85.159.210.11,CVE-2019-18676,7.5,0.02481,0.88911,0,0
85.159.210.11,CVE-2019-13345,6.1,0.94898,0.99081,0,0
85.159.210.11,CVE-2019-12854,7.5,0.00409,0.70928,0,0
85.159.210.11,CVE-2019-12529,5.9,0.00735,0.78608,0,0
85.159.210.11,CVE-2019-12528,7.5,0.00852,0.80264,0,0
85.159.210.11,CVE-2019-12527,8.8,0.03934,0.91009,0,0
85.159.210.11,CVE-2019-12526,9.8,0.03704,0.90739,0,0
85.159.210.11,CVE-2019-12525,9.8,0.16211,0.95445,0,0
85.159.210.11,CVE-2019-12524,9.8,0.00958,0.81478,0,0
85.159.210.11,CVE-2019-12523,9.1,0.01071,0.8253,0,0
85.159.210.11,CVE-2019-12522,4.5,0.00044,0.10742,0,0
85.159.210.11,CVE-2019-12521,5.9,0.01564,0.85772,0,0
85.159.210.11,CVE-2019-12520,7.5,0.0098,0.81686,0,0
85.159.210.11,CVE-2019-12519,9.8,0.00819,0.79853,0,0
15.235.203.140,CVE-2023-3817,5.3,0.00164,0.52915,0,0
15.235.203.140,CVE-2023-2650,6.5,0.0014,0.49516,0,0
15.235.203.140,CVE-2023-25690,9.8,0.03257,0.90192,0,0
15.235.203.140,CVE-2023-0466,5.3,0.00132,0.48047,0,0
15.235.203.140,CVE-2023-0465,5.3,0.00132,0.4808,0,0
15.235.203.140,CVE-2023-0464,7.5,0.00219,0.59716,0,0
15.235.203.140,CVE-2023-0286,7.4,0.00086,0.35922,0,0
15.235.203.140,CVE-2023-0215,7.5,0.00127,0.47137,0,0
15.235.203.140,CVE-2022-4304,5.9,0.00124,0.46571,0,0
15.235.203.140,CVE-2022-37436,5.3,0.00044,0.11059,0,0
15.235.203.140,CVE-2022-36760,9,0.01302,0.84345,0,0
15.235.203.140,CVE-2022-31813,9.8,0.01096,0.82738,0,0
15.235.203.140,CVE-2022-30556,7.5,0.00311,0.66739,0,0
15.235.203.140,CVE-2022-29404,7.5,0.08634,0.93838,0,0
15.235.203.140,CVE-2022-28615,9.1,0.02108,0.87915,0,0
15.235.203.140,CVE-2022-28614,5.3,0.00239,0.61752,0,0
15.235.203.140,CVE-2022-28330,5.3,0.00223,0.6043,0,0
15.235.203.140,CVE-2022-26377,7.5,0.01225,0.83775,0,0
15.235.203.140,CVE-2022-23943,9.8,0.18592,0.95697,0,0
15.235.203.140,CVE-2022-22721,9.1,0.00356,0.68904,0,0
15.235.203.140,CVE-2022-22720,9.8,0.01143,0.83101,0,0
15.235.203.140,CVE-2022-22719,7.5,0.42278,0.96957,0,0
15.235.203.140,CVE-2022-2068,9.8,0.10516,0.9444,0,0
15.235.203.140,CVE-2022-1292,9.8,0.09088,0.93992,0,0
15.235.203.140,CVE-2022-0778,7.5,0.01342,0.8457,0,0
15.235.203.140,CVE-2021-44790,9.8,0.06047,0.92704,0,0
15.235.203.140,CVE-2021-4160,5.9,0.00272,0.64378,0,0
15.235.203.140,CVE-2021-40438,9,0.972,0.99778,0,1
15.235.203.140,CVE-2021-39275,9.8,0.00691,0.7783,0,0
15.235.203.140,CVE-2021-3712,7.4,0.00409,0.70925,0,0
15.235.203.140,CVE-2021-34798,7.5,0.00495,0.73493,0,0
15.235.203.140,CVE-2021-26691,9.8,0.76542,0.97877,0,0
15.235.203.140,CVE-2021-26690,7.5,0.11639,0.94711,0,0
15.235.203.140,CVE-2021-23841,5.9,0.00396,0.70509,0,0
15.235.203.140,CVE-2021-23840,7.5,0.00808,0.79734,0,0
15.235.203.140,CVE-2020-35452,7.3,0.00196,0.57281,0,0
15.235.203.140,CVE-2020-1971,5.9,0.00404,0.70773,0,0
15.235.203.140,CVE-2020-1968,3.7,0.00374,0.6967,0,0
15.235.203.140,CVE-2020-1934,5.3,0.00157,0.51956,0,0
15.235.203.140,CVE-2020-1927,6.1,0.00225,0.60598,0,0
15.235.203.140,CVE-2020-13938,5.5,0.00042,0.05719,0,0
15.235.203.140,CVE-2020-11985,5.3,0.00263,0.63768,0,0
15.235.203.140,CVE-2019-17567,5.3,0.00183,0.55419,0,0
15.235.203.140,CVE-2019-1563,3.7,0.01082,0.8263,0,0
15.235.203.140,CVE-2019-1559,5.9,0.00502,0.73677,0,0
15.235.203.140,CVE-2019-1552,3.3,0.0005,0.17157,0,0
15.235.203.140,CVE-2019-1551,5.3,0.00218,0.59612,0,0
15.235.203.140,CVE-2019-1547,4.7,0.0005,0.17157,0,0
15.235.203.140,CVE-2019-10098,6.1,0.10593,0.94462,0,0
15.235.203.140,CVE-2019-10092,6.1,0.05939,0.92646,0,0
15.235.203.140,CVE-2019-0220,5.3,0.0051,0.73872,0,0
15.235.203.140,CVE-2019-0217,7.5,0.00194,0.57061,0,0
15.235.203.140,CVE-2018-5407,4.7,0.00061,0.24297,0,0
15.235.203.140,CVE-2018-17199,7.5,0.00176,0.54631,0,0
15.235.203.140,CVE-2018-1312,9.8,0.01815,0.86795,0,0
15.235.203.140,CVE-2018-1303,7.5,0.96931,0.99649,0,0
15.235.203.140,CVE-2018-1302,5.9,0.02678,0.89317,0,0
15.235.203.140,CVE-2018-1301,5.9,0.00921,0.8109,0,0
15.235.203.140,CVE-2018-1283,5.3,0.00176,0.5467,0,0
15.235.203.140,CVE-2018-0739,6.5,0.01388,0.84876,0,0
15.235.203.140,CVE-2018-0737,5.9,0.01026,0.82098,0,0
15.235.203.140,CVE-2018-0734,5.9,0.00291,0.65601,0,0
15.235.203.140,CVE-2018-0732,7.5,0.05439,0.92349,0,0
15.235.203.140,CVE-2017-9798,7.5,0.97414,0.99913,0,0
15.235.203.140,CVE-2017-9788,9.1,0.53945,0.97271,0,0
15.235.203.140,CVE-2017-7679,9.8,0.00643,0.76891,0,0
15.235.203.140,CVE-2017-3738,5.9,0.00817,0.79828,0,0
15.235.203.140,CVE-2017-3737,5.9,0.95645,0.99235,0,0
15.235.203.140,CVE-2017-3736,6.5,0.00243,0.62049,0,0
15.235.203.140,CVE-2017-3735,5.3,0.0495,0.91948,0,0
15.235.203.140,CVE-2017-3167,9.8,0.0158,0.85854,0,0
15.235.203.140,CVE-2017-15715,8.1,0.96443,0.9945,0,0
15.235.203.140,CVE-2017-15710,7.5,0.02321,0.88535,0,0
15.235.203.140,CVE-2016-8743,7.5,0.0027,0.64243,0,0
15.235.203.140,CVE-2016-8612,4.3,0.00114,0.44879,0,0
15.235.203.140,CVE-2016-5387,8.1,0.20611,0.95862,0,0
15.235.203.140,CVE-2016-4975,6.1,0.00428,0.7152,0,0
15.235.203.140,CVE-2016-2161,7.5,0.02958,0.89779,0,0
15.235.203.140,CVE-2016-0736,7.5,0.0132,0.8445,0,0
15.235.203.140,CVE-2015-3185,4.3,0.00522,0.74173,0,0
15.235.203.140,CVE-2015-3184,5,0.0038,0.69918,0,0
15.235.203.140,CVE-2015-3183,5,0.05537,0.92423,0,0
15.235.203.140,CVE-2015-0228,5,0.04041,0.911,0,0
15.235.203.140,CVE-2014-8109,4.3,0.0022,0.59745,0,0
15.235.203.140,CVE-2014-3581,5,0.06563,0.93008,0,0
15.235.203.140,CVE-2014-3523,5,0.05643,0.92478,0,0
15.235.203.140,CVE-2014-0231,5,0.32301,0.96561,0,0
15.235.203.140,CVE-2014-0226,6.8,0.95573,0.99218,0,0
15.235.203.140,CVE-2014-0118,4.3,0.57682,0.97379,0,0
15.235.203.140,CVE-2014-0117,4.3,0.96886,0.99631,0,0
15.235.203.140,CVE-2014-0098,5,0.24734,0.96169,0,0
15.235.203.140,CVE-2013-6438,5,0.02892,0.89686,0,0
15.235.203.140,CVE-2013-5704,5,0.81107,0.98017,0,0
15.235.203.140,CVE-2013-4352,4.3,0.04147,0.9121,0,0
15.235.203.140,CVE-2006-20001,7.5,0.00044,0.10749,0,0
147.139.178.182,CVE-2022-41318,8.6,0.00084,0.3536,0,0
147.139.178.182,CVE-2021-46784,6.5,0.01545,0.85667,0,0
147.139.178.182,CVE-2021-33620,6.5,0.17914,0.95631,0,0
147.139.178.182,CVE-2021-31808,6.5,0.00838,0.80092,0,0
147.139.178.182,CVE-2021-31807,6.5,0.03216,0.90141,0,0
147.139.178.182,CVE-2021-31806,6.5,0.9373,0.98889,0,0
147.139.178.182,CVE-2021-28652,4.9,0.00376,0.69719,0,0
147.139.178.182,CVE-2021-28651,7.5,0.0064,0.76836,0,0
147.139.178.182,CVE-2021-28116,5.3,0.02585,0.8912,0,0
147.139.178.182,CVE-2020-8517,7.5,0.00388,0.70199,0,0
147.139.178.182,CVE-2020-8450,7.3,0.9296,0.98789,0,0
147.139.178.182,CVE-2020-8449,7.5,0.00144,0.50032,0,0
147.139.178.182,CVE-2020-25097,8.6,0.00257,0.63297,0,0
147.139.178.182,CVE-2020-24606,7.5,0.01189,0.83498,0,0
147.139.178.182,CVE-2020-15811,6.5,0.0015,0.51073,0,0
147.139.178.182,CVE-2020-15810,6.5,0.00191,0.56589,0,0
147.139.178.182,CVE-2020-15049,8.8,0.00803,0.79673,0,0
147.139.178.182,CVE-2020-14058,7.5,0.0048,0.73091,0,0
147.139.178.182,CVE-2020-11945,9.8,0.12659,0.94893,0,0
147.139.178.182,CVE-2019-18860,6.1,0.00241,0.61869,0,0
147.139.178.182,CVE-2019-18679,7.5,0.18879,0.95721,0,0
147.139.178.182,CVE-2019-18678,5.3,0.01064,0.82472,0,0
147.139.178.182,CVE-2019-18677,6.1,0.00405,0.70791,0,0
147.139.178.182,CVE-2019-18676,7.5,0.02481,0.88911,0,0
147.139.178.182,CVE-2019-13345,6.1,0.94898,0.99081,0,0
147.139.178.182,CVE-2019-12529,5.9,0.00735,0.78608,0,0
147.139.178.182,CVE-2019-12528,7.5,0.00852,0.80264,0,0
147.139.178.182,CVE-2019-12526,9.8,0.03704,0.90739,0,0
147.139.178.182,CVE-2019-12525,9.8,0.16211,0.95445,0,0
147.139.178.182,CVE-2019-12524,9.8,0.00958,0.81478,0,0
147.139.178.182,CVE-2019-12523,9.1,0.01071,0.8253,0,0
147.139.178.182,CVE-2019-12522,4.5,0.00044,0.10742,0,0
147.139.178.182,CVE-2019-12521,5.9,0.01564,0.85772,0,0
147.139.178.182,CVE-2019-12520,7.5,0.0098,0.81686,0,0
147.139.178.182,CVE-2019-12519,9.8,0.00819,0.79853,0,0
147.139.178.182,CVE-2018-19132,5.9,0.0297,0.89796,0,0
147.139.178.182,CVE-2018-19131,6.1,0.00148,0.50592,0,0
147.139.178.182,CVE-2018-1172,5.9,0.00667,0.77393,0,0
147.139.178.182,CVE-2018-1000027,7.5,0.01565,0.85774,0,0
147.139.178.182,CVE-2018-1000024,7.5,0.00575,0.75426,0,0
47.250.47.3,CVE-2023-27522,7.5,0.0055,0.74841,0,0
47.250.47.3,CVE-2023-25690,9.8,0.03257,0.90192,0,0
47.250.47.3,CVE-2022-37436,5.3,0.00044,0.11059,0,0
47.250.47.3,CVE-2022-36760,9,0.01302,0.84345,0,0
47.250.47.3,CVE-2022-31813,9.8,0.01096,0.82738,0,0
47.250.47.3,CVE-2022-30556,7.5,0.00311,0.66739,0,0
47.250.47.3,CVE-2022-29404,7.5,0.08634,0.93838,0,0
47.250.47.3,CVE-2022-28615,9.1,0.02108,0.87915,0,0
47.250.47.3,CVE-2022-28614,5.3,0.00239,0.61752,0,0
47.250.47.3,CVE-2022-28330,5.3,0.00223,0.6043,0,0
47.250.47.3,CVE-2022-26377,7.5,0.01225,0.83775,0,0
47.250.47.3,CVE-2022-23943,9.8,0.18592,0.95697,0,0
47.250.47.3,CVE-2022-22721,9.1,0.00356,0.68904,0,0
47.250.47.3,CVE-2022-22720,9.8,0.01143,0.83101,0,0
47.250.47.3,CVE-2022-22719,7.5,0.42278,0.96957,0,0
47.250.47.3,CVE-2021-44790,9.8,0.06047,0.92704,0,0
47.250.47.3,CVE-2021-44224,8.2,0.32277,0.96559,0,0
47.250.47.3,CVE-2021-40438,9,0.972,0.99778,0,1
47.250.47.3,CVE-2021-39275,9.8,0.00691,0.7783,0,0
47.250.47.3,CVE-2021-36160,7.5,0.00171,0.5407,0,0
47.250.47.3,CVE-2021-34798,7.5,0.00495,0.73493,0,0
47.250.47.3,CVE-2021-33193,7.5,0.00099,0.40704,0,0
47.250.47.3,CVE-2021-26691,9.8,0.76542,0.97877,0,0
47.250.47.3,CVE-2021-26690,7.5,0.11639,0.94711,0,0
47.250.47.3,CVE-2020-9490,7.5,0.00721,0.78389,0,0
47.250.47.3,CVE-2020-35452,7.3,0.00196,0.57281,0,0
47.250.47.3,CVE-2020-1934,5.3,0.00157,0.51956,0,0
47.250.47.3,CVE-2020-1927,6.1,0.00225,0.60598,0,0
47.250.47.3,CVE-2020-13950,7.5,0.00499,0.73565,0,0
47.250.47.3,CVE-2020-13938,5.5,0.00042,0.05719,0,0
47.250.47.3,CVE-2020-11993,7.5,0.00482,0.73156,0,0
47.250.47.3,CVE-2020-11984,9.8,0.01526,0.85573,0,0
47.250.47.3,CVE-2019-17567,5.3,0.00183,0.55419,0,0
47.250.47.3,CVE-2006-20001,7.5,0.00044,0.10749,0,0
5.42.75.42,CVE-2023-27522,7.5,0.0055,0.74841,0,0
5.42.75.42,CVE-2023-25690,9.8,0.03257,0.90192,0,0
5.42.75.42,CVE-2022-37436,5.3,0.00044,0.11059,0,0
5.42.75.42,CVE-2022-36760,9,0.01302,0.84345,0,0
5.42.75.42,CVE-2022-31813,9.8,0.01096,0.82738,0,0
5.42.75.42,CVE-2022-30556,7.5,0.00311,0.66739,0,0
5.42.75.42,CVE-2022-29404,7.5,0.08634,0.93838,0,0
5.42.75.42,CVE-2022-28615,9.1,0.02108,0.87915,0,0
5.42.75.42,CVE-2022-28614,5.3,0.00239,0.61752,0,0
5.42.75.42,CVE-2022-28330,5.3,0.00223,0.6043,0,0
5.42.75.42,CVE-2022-26377,7.5,0.01225,0.83775,0,0
5.42.75.42,CVE-2022-23943,9.8,0.18592,0.95697,0,0
5.42.75.42,CVE-2022-22721,9.1,0.00356,0.68904,0,0
5.42.75.42,CVE-2022-22720,9.8,0.01143,0.83101,0,0
5.42.75.42,CVE-2022-22719,7.5,0.42278,0.96957,0,0
5.42.75.42,CVE-2021-44790,9.8,0.06047,0.92704,0,0
5.42.75.42,CVE-2021-44224,8.2,0.32277,0.96559,0,0
5.42.75.42,CVE-2021-40438,9,0.972,0.99778,0,1
5.42.75.42,CVE-2021-39275,9.8,0.00691,0.7783,0,0
5.42.75.42,CVE-2021-36160,7.5,0.00171,0.5407,0,0
5.42.75.42,CVE-2021-34798,7.5,0.00495,0.73493,0,0
5.42.75.42,CVE-2021-33193,7.5,0.00099,0.40704,0,0
5.42.75.42,CVE-2021-26691,9.8,0.76542,0.97877,0,0
5.42.75.42,CVE-2021-26690,7.5,0.11639,0.94711,0,0
5.42.75.42,CVE-2020-9490,7.5,0.00721,0.78389,0,0
5.42.75.42,CVE-2020-35452,7.3,0.00196,0.57281,0,0
5.42.75.42,CVE-2020-1934,5.3,0.00157,0.51956,0,0
5.42.75.42,CVE-2020-1927,6.1,0.00225,0.60598,0,0
5.42.75.42,CVE-2020-13950,7.5,0.00499,0.73565,0,0
5.42.75.42,CVE-2020-13938,5.5,0.00042,0.05719,0,0
5.42.75.42,CVE-2020-11993,7.5,0.00482,0.73156,0,0
5.42.75.42,CVE-2020-11984,9.8,0.01526,0.85573,0,0
5.42.75.42,CVE-2019-17567,5.3,0.00183,0.55419,0,0
5.42.75.42,CVE-2006-20001,7.5,0.00044,0.10749,0,0
103.253.73.195,CVE-2023-25690,9.8,0.03257,0.90192,0,0
103.253.73.195,CVE-2022-41318,8.6,0.00084,0.3536,0,0
103.253.73.195,CVE-2022-37436,5.3,0.00044,0.11059,0,0
103.253.73.195,CVE-2022-36760,9,0.01302,0.84345,0,0
103.253.73.195,CVE-2022-31813,9.8,0.01096,0.82738,0,0
103.253.73.195,CVE-2022-30556,7.5,0.00311,0.66739,0,0
103.253.73.195,CVE-2022-29404,7.5,0.08634,0.93838,0,0
103.253.73.195,CVE-2022-28615,9.1,0.02108,0.87915,0,0
103.253.73.195,CVE-2022-28614,5.3,0.00239,0.61752,0,0
103.253.73.195,CVE-2022-28330,5.3,0.00223,0.6043,0,0
103.253.73.195,CVE-2022-26377,7.5,0.01225,0.83775,0,0
103.253.73.195,CVE-2022-23943,9.8,0.18592,0.95697,0,0
103.253.73.195,CVE-2022-22721,9.1,0.00356,0.68904,0,0
103.253.73.195,CVE-2022-22720,9.8,0.01143,0.83101,0,0
103.253.73.195,CVE-2022-22719,7.5,0.42278,0.96957,0,0
103.253.73.195,CVE-2021-46784,6.5,0.01545,0.85667,0,0
103.253.73.195,CVE-2021-44790,9.8,0.06047,0.92704,0,0
103.253.73.195,CVE-2021-44224,8.2,0.32277,0.96559,0,0
103.253.73.195,CVE-2021-40438,9,0.972,0.99778,0,1
103.253.73.195,CVE-2021-39275,9.8,0.00691,0.7783,0,0
103.253.73.195,CVE-2021-34798,7.5,0.00495,0.73493,0,0
103.253.73.195,CVE-2021-33620,6.5,0.17914,0.95631,0,0
103.253.73.195,CVE-2021-33193,7.5,0.00099,0.40704,0,0
103.253.73.195,CVE-2021-31808,6.5,0.00838,0.80092,0,0
103.253.73.195,CVE-2021-31807,6.5,0.03216,0.90141,0,0
103.253.73.195,CVE-2021-31806,6.5,0.9373,0.98889,0,0
103.253.73.195,CVE-2021-28652,4.9,0.00376,0.69719,0,0
103.253.73.195,CVE-2021-28651,7.5,0.0064,0.76836,0,0
103.253.73.195,CVE-2021-28116,5.3,0.02585,0.8912,0,0
103.253.73.195,CVE-2021-26691,9.8,0.76542,0.97877,0,0
103.253.73.195,CVE-2021-26690,7.5,0.11639,0.94711,0,0
103.253.73.195,CVE-2020-9490,7.5,0.00721,0.78389,0,0
103.253.73.195,CVE-2020-8517,7.5,0.00388,0.70199,0,0
103.253.73.195,CVE-2020-8450,7.3,0.9296,0.98789,0,0
103.253.73.195,CVE-2020-8449,7.5,0.00144,0.50032,0,0
103.253.73.195,CVE-2020-35452,7.3,0.00196,0.57281,0,0
103.253.73.195,CVE-2020-25097,8.6,0.00257,0.63297,0,0
103.253.73.195,CVE-2020-24606,7.5,0.01189,0.83498,0,0
103.253.73.195,CVE-2020-1934,5.3,0.00157,0.51956,0,0
103.253.73.195,CVE-2020-1927,6.1,0.00225,0.60598,0,0
103.253.73.195,CVE-2020-15811,6.5,0.0015,0.51073,0,0
103.253.73.195,CVE-2020-15810,6.5,0.00191,0.56589,0,0
103.253.73.195,CVE-2020-15049,8.8,0.00803,0.79673,0,0
103.253.73.195,CVE-2020-14058,7.5,0.0048,0.73091,0,0
103.253.73.195,CVE-2020-13938,5.5,0.00042,0.05719,0,0
103.253.73.195,CVE-2020-11993,7.5,0.00482,0.73156,0,0
103.253.73.195,CVE-2020-11945,9.8,0.12659,0.94893,0,0
103.253.73.195,CVE-2019-9517,7.5,0.03866,0.90932,0,0
103.253.73.195,CVE-2019-18860,6.1,0.00241,0.61869,0,0
103.253.73.195,CVE-2019-18679,7.5,0.18879,0.95721,0,0
103.253.73.195,CVE-2019-18678,5.3,0.01064,0.82472,0,0
103.253.73.195,CVE-2019-18677,6.1,0.00405,0.70791,0,0
103.253.73.195,CVE-2019-18676,7.5,0.02481,0.88911,0,0
103.253.73.195,CVE-2019-17567,5.3,0.00183,0.55419,0,0
103.253.73.195,CVE-2019-13345,6.1,0.94898,0.99081,0,0
103.253.73.195,CVE-2019-12529,5.9,0.00735,0.78608,0,0
103.253.73.195,CVE-2019-12528,7.5,0.00852,0.80264,0,0
103.253.73.195,CVE-2019-12526,9.8,0.03704,0.90739,0,0
103.253.73.195,CVE-2019-12524,9.8,0.00958,0.81478,0,0
103.253.73.195,CVE-2019-12523,9.1,0.01071,0.8253,0,0
103.253.73.195,CVE-2019-12522,4.5,0.00044,0.10742,0,0
103.253.73.195,CVE-2019-12521,5.9,0.01564,0.85772,0,0
103.253.73.195,CVE-2019-12520,7.5,0.0098,0.81686,0,0
103.253.73.195,CVE-2019-12519,9.8,0.00819,0.79853,0,0
103.253.73.195,CVE-2019-10098,6.1,0.10593,0.94462,0,0
103.253.73.195,CVE-2019-10092,6.1,0.05939,0.92646,0,0
103.253.73.195,CVE-2019-10082,9.1,0.00814,0.79792,0,0
103.253.73.195,CVE-2019-10081,7.5,0.00727,0.78508,0,0
103.253.73.195,CVE-2019-0220,5.3,0.0051,0.73872,0,0
103.253.73.195,CVE-2019-0217,7.5,0.00194,0.57061,0,0
103.253.73.195,CVE-2019-0211,7.8,0.97419,0.99915,0,1
103.253.73.195,CVE-2019-0196,5.3,0.00598,0.75952,0,0
103.253.73.195,CVE-2018-19132,5.9,0.0297,0.89796,0,0
103.253.73.195,CVE-2018-19131,6.1,0.00148,0.50592,0,0
103.253.73.195,CVE-2018-17199,7.5,0.00176,0.54631,0,0
103.253.73.195,CVE-2018-17189,5.3,0.00437,0.71818,0,0
103.253.73.195,CVE-2018-1333,7.5,0.10058,0.94327,0,0
103.253.73.195,CVE-2018-1312,9.8,0.01815,0.86795,0,0
103.253.73.195,CVE-2018-1303,7.5,0.96931,0.99649,0,0
103.253.73.195,CVE-2018-1302,5.9,0.02678,0.89317,0,0
103.253.73.195,CVE-2018-1301,5.9,0.00921,0.8109,0,0
103.253.73.195,CVE-2018-1283,5.3,0.00176,0.5467,0,0
103.253.73.195,CVE-2018-11763,5.9,0.00916,0.81022,0,0
103.253.73.195,CVE-2018-1000027,7.5,0.01565,0.85774,0,0
103.253.73.195,CVE-2018-1000024,7.5,0.00575,0.75426,0,0
103.253.73.195,CVE-2017-15715,8.1,0.96443,0.9945,0,0
103.253.73.195,CVE-2017-15710,7.5,0.02321,0.88535,0,0
103.253.73.195,CVE-2016-4556,7.5,0.02053,0.8774,0,0
103.253.73.195,CVE-2016-4555,7.5,0.01919,0.87261,0,0
103.253.73.195,CVE-2016-4554,8.6,0.00372,0.69573,0,0
103.253.73.195,CVE-2016-4553,8.6,0.67031,0.97613,0,0
103.253.73.195,CVE-2016-4054,8.1,0.17862,0.95627,0,0
103.253.73.195,CVE-2016-4053,3.7,0.00551,0.74887,0,0
103.253.73.195,CVE-2016-4052,8.1,0.04287,0.91347,0,0
103.253.73.195,CVE-2016-4051,8.8,0.00907,0.8094,0,0
103.253.73.195,CVE-2016-3948,7.5,0.05971,0.92664,0,0
103.253.73.195,CVE-2016-3947,8.2,0.02074,0.87807,0,0
103.253.73.195,CVE-2016-2571,7.5,0.4081,0.96917,0,0
103.253.73.195,CVE-2016-2570,7.5,0.49307,0.97168,0,0
103.253.73.195,CVE-2016-2569,7.5,0.94443,0.9901,0,0
103.253.73.195,CVE-2016-2390,5.9,0.5865,0.97406,0,0
103.253.73.195,CVE-2016-10002,7.5,0.0046,0.72559,0,0
103.253.73.195,CVE-2015-5400,6.8,0.00933,0.81218,0,0
103.253.73.195,CVE-2015-3455,2.6,0.01566,0.8578,0,0
103.253.73.195,CVE-2014-7142,6.4,0.03185,0.90093,0,0
103.253.73.195,CVE-2014-7141,6.4,0.93795,0.98896,0,0
103.253.73.195,CVE-2014-6270,6.8,0.07184,0.9331,0,0
103.253.73.195,CVE-2014-3609,5,0.96518,0.99477,0,0
103.253.73.195,CVE-2014-0128,5,0.12982,0.94938,0,0
103.253.73.195,CVE-2006-20001,7.5,0.00044,0.10749,0,0
103.7.13.147,CVE-2023-3817,5.3,0.00164,0.52915,0,0
103.7.13.147,CVE-2023-2650,6.5,0.0014,0.49516,0,0
103.7.13.147,CVE-2023-25690,9.8,0.03257,0.90192,0,0
103.7.13.147,CVE-2023-0466,5.3,0.00132,0.48047,0,0
103.7.13.147,CVE-2023-0465,5.3,0.00132,0.4808,0,0
103.7.13.147,CVE-2023-0464,7.5,0.00219,0.59716,0,0
103.7.13.147,CVE-2023-0286,7.4,0.00086,0.35922,0,0
103.7.13.147,CVE-2023-0215,7.5,0.00127,0.47137,0,0
103.7.13.147,CVE-2022-4304,5.9,0.00124,0.46571,0,0
103.7.13.147,CVE-2022-37436,5.3,0.00044,0.11059,0,0
103.7.13.147,CVE-2022-36760,9,0.01302,0.84345,0,0
103.7.13.147,CVE-2022-31813,9.8,0.01096,0.82738,0,0
103.7.13.147,CVE-2022-30556,7.5,0.00311,0.66739,0,0
103.7.13.147,CVE-2022-29404,7.5,0.08634,0.93838,0,0
103.7.13.147,CVE-2022-28615,9.1,0.02108,0.87915,0,0
103.7.13.147,CVE-2022-28614,5.3,0.00239,0.61752,0,0
103.7.13.147,CVE-2022-28330,5.3,0.00223,0.6043,0,0
103.7.13.147,CVE-2022-26377,7.5,0.01225,0.83775,0,0
103.7.13.147,CVE-2022-23943,9.8,0.18592,0.95697,0,0
103.7.13.147,CVE-2022-22721,9.1,0.00356,0.68904,0,0
103.7.13.147,CVE-2022-22720,9.8,0.01143,0.83101,0,0
103.7.13.147,CVE-2022-22719,7.5,0.42278,0.96957,0,0
103.7.13.147,CVE-2022-2068,9.8,0.10516,0.9444,0,0
103.7.13.147,CVE-2022-1292,9.8,0.09088,0.93992,0,0
103.7.13.147,CVE-2022-0778,7.5,0.01342,0.8457,0,0
103.7.13.147,CVE-2021-44790,9.8,0.06047,0.92704,0,0
103.7.13.147,CVE-2021-4160,5.9,0.00272,0.64378,0,0
103.7.13.147,CVE-2021-40438,9,0.972,0.99778,0,1
103.7.13.147,CVE-2021-39275,9.8,0.00691,0.7783,0,0
103.7.13.147,CVE-2021-3712,7.4,0.00409,0.70925,0,0
103.7.13.147,CVE-2021-34798,7.5,0.00495,0.73493,0,0
103.7.13.147,CVE-2021-26691,9.8,0.76542,0.97877,0,0
103.7.13.147,CVE-2021-26690,7.5,0.11639,0.94711,0,0
103.7.13.147,CVE-2021-23841,5.9,0.00396,0.70509,0,0
103.7.13.147,CVE-2021-23840,7.5,0.00808,0.79734,0,0
103.7.13.147,CVE-2020-35452,7.3,0.00196,0.57281,0,0
103.7.13.147,CVE-2020-1971,5.9,0.00404,0.70773,0,0
103.7.13.147,CVE-2020-1968,3.7,0.00374,0.6967,0,0
103.7.13.147,CVE-2020-1934,5.3,0.00157,0.51956,0,0
103.7.13.147,CVE-2020-1927,6.1,0.00225,0.60598,0,0
103.7.13.147,CVE-2020-13938,5.5,0.00042,0.05719,0,0
103.7.13.147,CVE-2020-11985,5.3,0.00263,0.63768,0,0
103.7.13.147,CVE-2019-17567,5.3,0.00183,0.55419,0,0
103.7.13.147,CVE-2019-1563,3.7,0.01082,0.8263,0,0
103.7.13.147,CVE-2019-1559,5.9,0.00502,0.73677,0,0
103.7.13.147,CVE-2019-1552,3.3,0.0005,0.17157,0,0
103.7.13.147,CVE-2019-1551,5.3,0.00218,0.59612,0,0
103.7.13.147,CVE-2019-1547,4.7,0.0005,0.17157,0,0
103.7.13.147,CVE-2019-10098,6.1,0.10593,0.94462,0,0
103.7.13.147,CVE-2019-10092,6.1,0.05939,0.92646,0,0
103.7.13.147,CVE-2019-0220,5.3,0.0051,0.73872,0,0
103.7.13.147,CVE-2019-0217,7.5,0.00194,0.57061,0,0
103.7.13.147,CVE-2018-5407,4.7,0.00061,0.24297,0,0
103.7.13.147,CVE-2018-17199,7.5,0.00176,0.54631,0,0
103.7.13.147,CVE-2018-1312,9.8,0.01815,0.86795,0,0
103.7.13.147,CVE-2018-1303,7.5,0.96931,0.99649,0,0
103.7.13.147,CVE-2018-1302,5.9,0.02678,0.89317,0,0
103.7.13.147,CVE-2018-1301,5.9,0.00921,0.8109,0,0
103.7.13.147,CVE-2018-1283,5.3,0.00176,0.5467,0,0
103.7.13.147,CVE-2018-0739,6.5,0.01388,0.84876,0,0
103.7.13.147,CVE-2018-0737,5.9,0.01026,0.82098,0,0
103.7.13.147,CVE-2018-0734,5.9,0.00291,0.65601,0,0
103.7.13.147,CVE-2018-0732,7.5,0.05439,0.92349,0,0
103.7.13.147,CVE-2017-9798,7.5,0.97414,0.99913,0,0
103.7.13.147,CVE-2017-9788,9.1,0.53945,0.97271,0,0
103.7.13.147,CVE-2017-7679,9.8,0.00643,0.76891,0,0
103.7.13.147,CVE-2017-3738,5.9,0.00817,0.79828,0,0
103.7.13.147,CVE-2017-3737,5.9,0.95645,0.99235,0,0
103.7.13.147,CVE-2017-3736,6.5,0.00243,0.62049,0,0
103.7.13.147,CVE-2017-3735,5.3,0.0495,0.91948,0,0
103.7.13.147,CVE-2017-3167,9.8,0.0158,0.85854,0,0
103.7.13.147,CVE-2017-15715,8.1,0.96443,0.9945,0,0
103.7.13.147,CVE-2017-15710,7.5,0.02321,0.88535,0,0
103.7.13.147,CVE-2016-8743,7.5,0.0027,0.64243,0,0
103.7.13.147,CVE-2016-8612,4.3,0.00114,0.44879,0,0
103.7.13.147,CVE-2016-5387,8.1,0.20611,0.95862,0,0
103.7.13.147,CVE-2016-4975,6.1,0.00428,0.7152,0,0
103.7.13.147,CVE-2016-2161,7.5,0.02958,0.89779,0,0
103.7.13.147,CVE-2016-0736,7.5,0.0132,0.8445,0,0
103.7.13.147,CVE-2015-3185,4.3,0.00522,0.74173,0,0
103.7.13.147,CVE-2015-3184,5,0.0038,0.69918,0,0
103.7.13.147,CVE-2015-3183,5,0.05537,0.92423,0,0
103.7.13.147,CVE-2015-0228,5,0.04041,0.911,0,0
103.7.13.147,CVE-2014-8109,4.3,0.0022,0.59745,0,0
103.7.13.147,CVE-2014-3581,5,0.06563,0.93008,0,0
103.7.13.147,CVE-2014-3523,5,0.05643,0.92478,0,0
103.7.13.147,CVE-2014-0231,5,0.32301,0.96561,0,0
103.7.13.147,CVE-2014-0226,6.8,0.95573,0.99218,0,0
103.7.13.147,CVE-2014-0118,4.3,0.57682,0.97379,0,0
103.7.13.147,CVE-2014-0117,4.3,0.96886,0.99631,0,0
103.7.13.147,CVE-2014-0098,5,0.24734,0.96169,0,0
103.7.13.147,CVE-2013-6438,5,0.02892,0.89686,0,0
103.7.13.147,CVE-2013-5704,5,0.81107,0.98017,0,0
103.7.13.147,CVE-2013-4352,4.3,0.04147,0.9121,0,0
103.7.13.147,CVE-2006-20001,7.5,0.00044,0.10749,0,0
206.189.95.168,CVE-2023-38408,9.8,0.04189,0.9125,0,0
206.189.95.168,CVE-2021-41617,7,0.00055,0.21154,0,0
206.189.95.168,CVE-2021-36368,3.7,0.00199,0.57661,0,0
206.189.95.168,CVE-2020-15778,7.8,0.00289,0.65524,0,0
206.189.95.168,CVE-2020-14145,5.9,0.00209,0.58646,0,0
206.189.95.168,CVE-2019-6111,5.9,0.00201,0.57883,0,0
206.189.95.168,CVE-2019-6110,6.8,0.00337,0.68094,0,0
206.189.95.168,CVE-2019-6109,6.8,0.00174,0.54473,0,0
206.189.95.168,CVE-2018-20685,5.3,0.00712,0.78235,0,0
206.189.95.168,CVE-2018-15919,5.3,0.00273,0.64478,0,0
206.189.95.168,CVE-2018-15473,5.3,0.03247,0.90183,0,0
206.189.95.168,CVE-2017-15906,5.3,0.00831,0.80011,0,0
206.189.95.168,CVE-2016-20012,5.3,0.00369,0.69482,0,0
206.81.31.24,CVE-2022-41318,8.6,0.00084,0.3536,0,0
206.81.31.24,CVE-2022-41317,6.5,0.00105,0.4246,0,0
206.81.31.24,CVE-2021-46784,6.5,0.01545,0.85667,0,0
206.81.31.24,CVE-2021-33620,6.5,0.17914,0.95631,0,0
206.81.31.24,CVE-2021-31808,6.5,0.00838,0.80092,0,0
206.81.31.24,CVE-2021-31807,6.5,0.03216,0.90141,0,0
206.81.31.24,CVE-2021-31806,6.5,0.9373,0.98889,0,0
206.81.31.24,CVE-2021-28662,6.5,0.14474,0.9518,0,0
206.81.31.24,CVE-2021-28652,4.9,0.00376,0.69719,0,0
206.81.31.24,CVE-2021-28651,7.5,0.0064,0.76836,0,0
206.81.31.24,CVE-2021-28116,5.3,0.02585,0.8912,0,0
206.81.31.24,CVE-2020-25097,8.6,0.00257,0.63297,0,0
206.81.31.24,CVE-2020-24606,7.5,0.01189,0.83498,0,0
206.81.31.24,CVE-2020-15811,6.5,0.0015,0.51073,0,0
206.81.31.24,CVE-2020-15810,6.5,0.00191,0.56589,0,0
206.81.31.24,CVE-2020-15049,8.8,0.00803,0.79673,0,0
206.81.31.24,CVE-2020-14058,7.5,0.0048,0.73091,0,0
206.81.31.24,CVE-2020-11945,9.8,0.12659,0.94893,0,0
206.81.31.24,CVE-2019-12519,9.8,0.00819,0.79853,0,0
192.46.225.66,CVE-2021-3618,7.4,0.0011,0.44014,0,0
192.46.225.66,CVE-2021-23017,7.7,0.32585,0.9657,0,0
172.232.63.67,CVE-2022-41318,8.6,0.00084,0.3536,0,0
172.232.63.67,CVE-2021-46784,6.5,0.01545,0.85667,0,0
172.232.63.67,CVE-2021-33620,6.5,0.17914,0.95631,0,0
172.232.63.67,CVE-2021-31808,6.5,0.00838,0.80092,0,0
172.232.63.67,CVE-2021-31807,6.5,0.03216,0.90141,0,0
172.232.63.67,CVE-2021-31806,6.5,0.9373,0.98889,0,0
172.232.63.67,CVE-2021-28662,6.5,0.14474,0.9518,0,0
172.232.63.67,CVE-2021-28652,4.9,0.00376,0.69719,0,0
172.232.63.67,CVE-2021-28651,7.5,0.0064,0.76836,0,0
172.232.63.67,CVE-2021-28116,5.3,0.02585,0.8912,0,0
172.232.63.67,CVE-2020-8517,7.5,0.00388,0.70199,0,0
172.232.63.67,CVE-2020-8450,7.3,0.9296,0.98789,0,0
172.232.63.67,CVE-2020-8449,7.5,0.00144,0.50032,0,0
172.232.63.67,CVE-2020-25097,8.6,0.00257,0.63297,0,0
172.232.63.67,CVE-2020-24606,7.5,0.01189,0.83498,0,0
172.232.63.67,CVE-2020-15811,6.5,0.0015,0.51073,0,0
172.232.63.67,CVE-2020-15810,6.5,0.00191,0.56589,0,0
172.232.63.67,CVE-2020-15049,8.8,0.00803,0.79673,0,0
172.232.63.67,CVE-2020-14058,7.5,0.0048,0.73091,0,0
172.232.63.67,CVE-2020-11945,9.8,0.12659,0.94893,0,0
172.232.63.67,CVE-2019-18860,6.1,0.00241,0.61869,0,0
172.232.63.67,CVE-2019-18679,7.5,0.18879,0.95721,0,0
172.232.63.67,CVE-2019-18678,5.3,0.01064,0.82472,0,0
172.232.63.67,CVE-2019-18677,6.1,0.00405,0.70791,0,0
172.232.63.67,CVE-2019-18676,7.5,0.02481,0.88911,0,0
172.232.63.67,CVE-2019-13345,6.1,0.94898,0.99081,0,0
172.232.63.67,CVE-2019-12854,7.5,0.00409,0.70928,0,0
172.232.63.67,CVE-2019-12529,5.9,0.00735,0.78608,0,0
172.232.63.67,CVE-2019-12528,7.5,0.00852,0.80264,0,0
172.232.63.67,CVE-2019-12527,8.8,0.03934,0.91009,0,0
172.232.63.67,CVE-2019-12526,9.8,0.03704,0.90739,0,0
172.232.63.67,CVE-2019-12525,9.8,0.16211,0.95445,0,0
172.232.63.67,CVE-2019-12524,9.8,0.00958,0.81478,0,0
172.232.63.67,CVE-2019-12523,9.1,0.01071,0.8253,0,0
172.232.63.67,CVE-2019-12522,4.5,0.00044,0.10742,0,0
172.232.63.67,CVE-2019-12521,5.9,0.01564,0.85772,0,0
172.232.63.67,CVE-2019-12520,7.5,0.0098,0.81686,0,0
172.232.63.67,CVE-2019-12519,9.8,0.00819,0.79853,0,0
154.26.139.250,CVE-2023-38408,9.8,0.04189,0.9125,0,0
154.26.139.250,CVE-2021-41617,7,0.00055,0.21154,0,0
154.26.139.250,CVE-2021-36368,3.7,0.00199,0.57661,0,0
154.26.139.250,CVE-2020-15778,7.8,0.00289,0.65524,0,0
154.26.139.250,CVE-2020-14145,5.9,0.00209,0.58646,0,0
154.26.139.250,CVE-2019-6111,5.9,0.00201,0.57883,0,0
154.26.139.250,CVE-2019-6110,6.8,0.00337,0.68094,0,0
154.26.139.250,CVE-2019-6109,6.8,0.00174,0.54473,0,0
154.26.139.250,CVE-2018-20685,5.3,0.00712,0.78235,0,0
154.26.139.250,CVE-2018-15919,5.3,0.00273,0.64478,0,0
154.26.139.250,CVE-2018-15473,5.3,0.03247,0.90183,0,0
154.26.139.250,CVE-2017-15906,5.3,0.00831,0.80011,0,0
154.26.139.250,CVE-2016-20012,5.3,0.00369,0.69482,0,0
103.247.8.102,CVE-2023-38408,9.8,0.04189,0.9125,0,0
103.247.8.102,CVE-2021-41617,7,0.00055,0.21154,0,0
103.247.8.102,CVE-2021-36368,3.7,0.00199,0.57661,0,0
103.247.8.102,CVE-2020-15778,7.8,0.00289,0.65524,0,0
103.247.8.102,CVE-2020-14145,5.9,0.00209,0.58646,0,0
103.247.8.102,CVE-2019-6111,5.9,0.00201,0.57883,0,0
103.247.8.102,CVE-2019-6110,6.8,0.00337,0.68094,0,0
103.247.8.102,CVE-2019-6109,6.8,0.00174,0.54473,0,0
103.247.8.102,CVE-2018-20685,5.3,0.00712,0.78235,0,0
103.247.8.102,CVE-2018-15919,5.3,0.00273,0.64478,0,0
103.247.8.102,CVE-2018-15473,5.3,0.03247,0.90183,0,0
103.247.8.102,CVE-2017-15906,5.3,0.00831,0.80011,0,0
103.247.8.102,CVE-2016-20012,5.3,0.00369,0.69482,0,0
103.250.10.71,CVE-2022-31629,6.5,0.00122,0.46351,0,0
103.250.10.71,CVE-2022-31628,5.5,0.00065,0.27405,0,0
103.250.10.71,CVE-2019-9641,9.8,0.02165,0.88116,0,0
103.250.10.71,CVE-2019-9639,7.5,0.0034,0.68233,0,0
103.250.10.71,CVE-2019-9638,7.5,0.00203,0.58031,0,0
103.250.10.71,CVE-2019-9637,7.5,0.00251,0.62862,0,0
103.250.10.71,CVE-2018-19396,7.5,0.00157,0.52041,0,0
103.250.10.71,CVE-2018-19395,7.5,0.00157,0.52041,0,0
103.250.10.71,CVE-2017-7963,7.5,0.00088,0.36944,0,0
103.250.10.71,CVE-2017-7272,7.4,0.00261,0.63615,0,0
103.250.10.71,CVE-2015-9253,6.5,0.00593,0.75873,0,0
103.162.68.34,CVE-2023-38408,9.8,0.04189,0.9125,0,0
103.162.68.34,CVE-2021-41617,7,0.00055,0.21154,0,0
103.162.68.34,CVE-2021-36368,3.7,0.00199,0.57661,0,0
103.162.68.34,CVE-2020-15778,7.8,0.00289,0.65524,0,0
103.162.68.34,CVE-2020-14145,5.9,0.00209,0.58646,0,0
103.162.68.34,CVE-2019-6111,5.9,0.00201,0.57883,0,0
103.162.68.34,CVE-2019-6110,6.8,0.00337,0.68094,0,0
103.162.68.34,CVE-2019-6109,6.8,0.00174,0.54473,0,0
103.162.68.34,CVE-2018-20685,5.3,0.00712,0.78235,0,0
103.162.68.34,CVE-2018-15919,5.3,0.00273,0.64478,0,0
103.162.68.34,CVE-2018-15473,5.3,0.03247,0.90183,0,0
103.162.68.34,CVE-2017-15906,5.3,0.00831,0.80011,0,0
103.162.68.34,CVE-2016-20012,5.3,0.00369,0.69482,0,0
103.100.247.51,CVE-2023-25690,9.8,0.03257,0.90192,0,0
103.100.247.51,CVE-2022-37436,5.3,0.00044,0.11059,0,0
103.100.247.51,CVE-2022-36760,9,0.01302,0.84345,0,0
103.100.247.51,CVE-2022-31813,9.8,0.01096,0.82738,0,0
103.100.247.51,CVE-2022-30556,7.5,0.00311,0.66739,0,0
103.100.247.51,CVE-2022-29404,7.5,0.08634,0.93838,0,0
103.100.247.51,CVE-2022-28615,9.1,0.02108,0.87915,0,0
103.100.247.51,CVE-2022-28614,5.3,0.00239,0.61752,0,0
103.100.247.51,CVE-2022-28330,5.3,0.00223,0.6043,0,0
103.100.247.51,CVE-2022-26377,7.5,0.01225,0.83775,0,0
103.100.247.51,CVE-2022-23943,9.8,0.18592,0.95697,0,0
103.100.247.51,CVE-2022-22721,9.1,0.00356,0.68904,0,0
103.100.247.51,CVE-2022-22720,9.8,0.01143,0.83101,0,0
103.100.247.51,CVE-2022-22719,7.5,0.42278,0.96957,0,0
103.100.247.51,CVE-2021-44790,9.8,0.06047,0.92704,0,0
103.100.247.51,CVE-2021-44224,8.2,0.32277,0.96559,0,0
103.100.247.51,CVE-2021-40438,9,0.972,0.99778,0,1
103.100.247.51,CVE-2021-39275,9.8,0.00691,0.7783,0,0
103.100.247.51,CVE-2021-34798,7.5,0.00495,0.73493,0,0
103.100.247.51,CVE-2021-33193,7.5,0.00099,0.40704,0,0
103.100.247.51,CVE-2021-26691,9.8,0.76542,0.97877,0,0
103.100.247.51,CVE-2021-26690,7.5,0.11639,0.94711,0,0
103.100.247.51,CVE-2020-35452,7.3,0.00196,0.57281,0,0
103.100.247.51,CVE-2020-1934,5.3,0.00157,0.51956,0,0
103.100.247.51,CVE-2020-1927,6.1,0.00225,0.60598,0,0
103.100.247.51,CVE-2020-13938,5.5,0.00042,0.05719,0,0
103.100.247.51,CVE-2020-11985,5.3,0.00263,0.63768,0,0
103.100.247.51,CVE-2019-8331,6.1,0.00412,0.71004,0,0
103.100.247.51,CVE-2019-17567,5.3,0.00183,0.55419,0,0
103.100.247.51,CVE-2019-10098,6.1,0.10593,0.94462,0,0
103.100.247.51,CVE-2019-10092,6.1,0.05939,0.92646,0,0
103.100.247.51,CVE-2019-10082,9.1,0.00814,0.79792,0,0
103.100.247.51,CVE-2019-0220,5.3,0.0051,0.73872,0,0
103.100.247.51,CVE-2019-0217,7.5,0.00194,0.57061,0,0
103.100.247.51,CVE-2019-0211,7.8,0.97419,0.99915,0,1
103.100.247.51,CVE-2019-0196,5.3,0.00598,0.75952,0,0
103.100.247.51,CVE-2018-20677,6.1,0.00428,0.71507,0,0
103.100.247.51,CVE-2018-20676,6.1,0.00295,0.65885,0,0
103.100.247.51,CVE-2018-17199,7.5,0.00176,0.54631,0,0
103.100.247.51,CVE-2018-17189,5.3,0.00437,0.71818,0,0
103.100.247.51,CVE-2018-14042,6.1,0.00327,0.67609,0,0
103.100.247.51,CVE-2018-14040,6.1,0.00758,0.78964,0,0
103.100.247.51,CVE-2018-1333,7.5,0.10058,0.94327,0,0
103.100.247.51,CVE-2018-1312,9.8,0.01815,0.86795,0,0
103.100.247.51,CVE-2018-1303,7.5,0.96931,0.99649,0,0
103.100.247.51,CVE-2018-1302,5.9,0.02678,0.89317,0,0
103.100.247.51,CVE-2018-1301,5.9,0.00921,0.8109,0,0
103.100.247.51,CVE-2018-1283,5.3,0.00176,0.5467,0,0
103.100.247.51,CVE-2018-11763,5.9,0.00916,0.81022,0,0
103.100.247.51,CVE-2017-9798,7.5,0.97414,0.99913,0,0
103.100.247.51,CVE-2017-9788,9.1,0.53945,0.97271,0,0
103.100.247.51,CVE-2017-7679,9.8,0.00643,0.76891,0,0
103.100.247.51,CVE-2017-3169,9.8,0.01645,0.86124,0,0
103.100.247.51,CVE-2017-3167,9.8,0.0158,0.85854,0,0
103.100.247.51,CVE-2017-15715,8.1,0.96443,0.9945,0,0
103.100.247.51,CVE-2017-15710,7.5,0.02321,0.88535,0,0
103.100.247.51,CVE-2016-8743,7.5,0.0027,0.64243,0,0
103.100.247.51,CVE-2016-8740,7.5,0.02675,0.89307,0,0
103.100.247.51,CVE-2016-8612,4.3,0.00114,0.44879,0,0
103.100.247.51,CVE-2016-5387,8.1,0.20611,0.95862,0,0
103.100.247.51,CVE-2016-4979,7.5,0.00211,0.58835,0,0
103.100.247.51,CVE-2016-4975,6.1,0.00428,0.7152,0,0
103.100.247.51,CVE-2016-1546,5.9,0.04613,0.91655,0,0
103.100.247.51,CVE-2016-10735,6.1,0.00258,0.63338,0,0
103.100.247.51,CVE-2006-20001,7.5,0.00044,0.10749,0,0
35.219.40.240,CVE-2023-38408,9.8,0.04189,0.9125,0,0
35.219.40.240,CVE-2021-41617,7,0.00055,0.21154,0,0
35.219.40.240,CVE-2021-36368,3.7,0.00199,0.57661,0,0
35.219.40.240,CVE-2020-15778,7.8,0.00289,0.65524,0,0
35.219.40.240,CVE-2020-14145,5.9,0.00209,0.58646,0,0
35.219.40.240,CVE-2019-6111,5.9,0.00201,0.57883,0,0
35.219.40.240,CVE-2019-6110,6.8,0.00337,0.68094,0,0
35.219.40.240,CVE-2019-6109,6.8,0.00174,0.54473,0,0
35.219.40.240,CVE-2018-20685,5.3,0.00712,0.78235,0,0
35.219.40.240,CVE-2018-15919,5.3,0.00273,0.64478,0,0
35.219.40.240,CVE-2018-15473,5.3,0.03247,0.90183,0,0
35.219.40.240,CVE-2017-15906,5.3,0.00831,0.80011,0,0
35.219.40.240,CVE-2016-20012,5.3,0.00369,0.69482,0,0
103.86.103.27,CVE-2022-31629,6.5,0.00122,0.46351,0,0
103.86.103.27,CVE-2022-31628,5.5,0.00065,0.27405,0,0
103.86.103.27,CVE-2019-9641,9.8,0.02165,0.88116,0,0
103.86.103.27,CVE-2019-9639,7.5,0.0034,0.68233,0,0
103.86.103.27,CVE-2019-9638,7.5,0.00203,0.58031,0,0
103.86.103.27,CVE-2019-9637,7.5,0.00251,0.62862,0,0
103.86.103.27,CVE-2018-19396,7.5,0.00157,0.52041,0,0
103.86.103.27,CVE-2018-19395,7.5,0.00157,0.52041,0,0
103.86.103.27,CVE-2017-7963,7.5,0.00088,0.36944,0,0
103.86.103.27,CVE-2017-7272,7.4,0.00261,0.63615,0,0
103.86.103.27,CVE-2015-9253,6.5,0.00593,0.75873,0,0
103.161.108.13,CVE-2023-25690,9.8,0.03257,0.90192,0,0
103.161.108.13,CVE-2022-37436,5.3,0.00044,0.11059,0,0
103.161.108.13,CVE-2022-36760,9,0.01302,0.84345,0,0
103.161.108.13,CVE-2022-31813,9.8,0.01096,0.82738,0,0
103.161.108.13,CVE-2022-30556,7.5,0.00311,0.66739,0,0
103.161.108.13,CVE-2022-29404,7.5,0.08634,0.93838,0,0
103.161.108.13,CVE-2022-28615,9.1,0.02108,0.87915,0,0
103.161.108.13,CVE-2022-28614,5.3,0.00239,0.61752,0,0
103.161.108.13,CVE-2022-28330,5.3,0.00223,0.6043,0,0
103.161.108.13,CVE-2022-26377,7.5,0.01225,0.83775,0,0
103.161.108.13,CVE-2022-23943,9.8,0.18592,0.95697,0,0
103.161.108.13,CVE-2022-22721,9.1,0.00356,0.68904,0,0
103.161.108.13,CVE-2022-22720,9.8,0.01143,0.83101,0,0
103.161.108.13,CVE-2022-22719,7.5,0.42278,0.96957,0,0
103.161.108.13,CVE-2021-44790,9.8,0.06047,0.92704,0,0
103.161.108.13,CVE-2021-44224,8.2,0.32277,0.96559,0,0
103.161.108.13,CVE-2021-40438,9,0.972,0.99778,0,1
103.161.108.13,CVE-2021-39275,9.8,0.00691,0.7783,0,0
103.161.108.13,CVE-2021-34798,7.5,0.00495,0.73493,0,0
103.161.108.13,CVE-2021-33193,7.5,0.00099,0.40704,0,0
103.161.108.13,CVE-2021-26691,9.8,0.76542,0.97877,0,0
103.161.108.13,CVE-2021-26690,7.5,0.11639,0.94711,0,0
103.161.108.13,CVE-2020-9490,7.5,0.00721,0.78389,0,0
103.161.108.13,CVE-2020-35452,7.3,0.00196,0.57281,0,0
103.161.108.13,CVE-2020-1934,5.3,0.00157,0.51956,0,0
103.161.108.13,CVE-2020-1927,6.1,0.00225,0.60598,0,0
103.161.108.13,CVE-2020-13938,5.5,0.00042,0.05719,0,0
103.161.108.13,CVE-2020-11993,7.5,0.00482,0.73156,0,0
103.161.108.13,CVE-2019-9517,7.5,0.03866,0.90932,0,0
103.161.108.13,CVE-2019-17567,5.3,0.00183,0.55419,0,0
103.161.108.13,CVE-2019-10098,6.1,0.10593,0.94462,0,0
103.161.108.13,CVE-2019-10092,6.1,0.05939,0.92646,0,0
103.161.108.13,CVE-2019-10082,9.1,0.00814,0.79792,0,0
103.161.108.13,CVE-2019-10081,7.5,0.00727,0.78508,0,0
103.161.108.13,CVE-2019-0220,5.3,0.0051,0.73872,0,0
103.161.108.13,CVE-2019-0217,7.5,0.00194,0.57061,0,0
103.161.108.13,CVE-2019-0211,7.8,0.97419,0.99915,0,1
103.161.108.13,CVE-2019-0196,5.3,0.00598,0.75952,0,0
103.161.108.13,CVE-2018-17199,7.5,0.00176,0.54631,0,0
103.161.108.13,CVE-2018-17189,5.3,0.00437,0.71818,0,0
103.161.108.13,CVE-2018-1333,7.5,0.10058,0.94327,0,0
103.161.108.13,CVE-2018-1312,9.8,0.01815,0.86795,0,0
103.161.108.13,CVE-2018-1303,7.5,0.96931,0.99649,0,0
103.161.108.13,CVE-2018-1302,5.9,0.02678,0.89317,0,0
103.161.108.13,CVE-2018-1301,5.9,0.00921,0.8109,0,0
103.161.108.13,CVE-2018-1283,5.3,0.00176,0.5467,0,0
103.161.108.13,CVE-2018-11763,5.9,0.00916,0.81022,0,0
103.161.108.13,CVE-2017-9798,7.5,0.97414,0.99913,0,0
103.161.108.13,CVE-2017-9788,9.1,0.53945,0.97271,0,0
103.161.108.13,CVE-2017-7679,9.8,0.00643,0.76891,0,0
103.161.108.13,CVE-2017-7668,7.5,0.35243,0.96705,0,0
103.161.108.13,CVE-2017-7659,7.5,0.77803,0.97918,0,0
103.161.108.13,CVE-2017-3169,9.8,0.01645,0.86124,0,0
103.161.108.13,CVE-2017-3167,9.8,0.0158,0.85854,0,0
103.161.108.13,CVE-2017-15715,8.1,0.96443,0.9945,0,0
103.161.108.13,CVE-2017-15710,7.5,0.02321,0.88535,0,0
103.161.108.13,CVE-2006-20001,7.5,0.00044,0.10749,0,0
103.145.96.43,CVE-2022-37454,9.8,0.01043,0.82267,0,0
103.145.96.43,CVE-2022-31629,6.5,0.00122,0.46351,0,0
103.145.96.43,CVE-2022-31628,5.5,0.00065,0.27405,0,0
147.139.187.40,CVE-2023-46604,9.8,0.96733,0.99562,1,1
103.26.209.149,CVE-2023-46604,9.8,0.96733,0.99562,1,1